PRAGMA foreign_keys=OFF;
BEGIN TRANSACTION;
CREATE TABLE Student(
    username VARCHAR(32) NOT NULL,
    pwhash BINARY(60) NOT NULL,
    year INT NOT NULL,
    faculty CHAR(4) NOT NULL,
    email VARCHAR(64) NOT NULL,
    name VARCHAR(128) NOT NULL,
    phoneNumber CHAR(12) NOT NULL,

    PRIMARY KEY (username)
);
INSERT INTO "Student" VALUES('testuser1',X'24326224313224767A76417861584D6D7A35462E764C66426D3431502E4F4E313967514C476F4F644D764B2F497452442F672F6A56345231434B7453',3,'CPEN','janedoe@test.com','Jane Doe','6048675309');
INSERT INTO "Student" VALUES('testuser2',X'243262243132242F424A6747365630754976506C7932363848534A5A756A716159537472787869556374425459674E7267512E5A7371784F43343569',1,'CPSC','john@doe.com','John Doe','6041234567');
INSERT INTO "Student" VALUES('testuser49','36,50,98,36,49,50,36,118,122,118,65,120,97,88,77,109,122,53,70,46,118,76,102,66,109,52,49,80,46,79,78,49,57,103,81,76,71,111,79,100,77,118,75,47,73,116,82,68,47,103,47,106,86,52,82,49,67,75,116,83',4,'ELEC','email49@gmail.com','Jane Doe','6041234567');
INSERT INTO "Student" VALUES('testuser3','36,50,98,36,49,50,36,118,122,118,65,120,97,88,77,109,122,53,70,46,118,76,102,66,109,52,49,80,46,79,78,49,57,103,81,76,71,111,79,100,77,118,75,47,73,116,82,68,47,103,47,106,86,52,82,49,67,75,116,83',2,'PSYC','email3@gmail.com','Jane Doe','6041234567');
INSERT INTO "Student" VALUES('testuser4','36,50,98,36,49,50,36,118,122,118,65,120,97,88,77,109,122,53,70,46,118,76,102,66,109,52,49,80,46,79,78,49,57,103,81,76,71,111,79,100,77,118,75,47,73,116,82,68,47,103,47,106,86,52,82,49,67,75,116,83',3,'KIN','email4@gmail.com','Jane Doe','6041234568');
INSERT INTO "Student" VALUES('testuser5','36,50,98,36,49,50,36,118,122,118,65,120,97,88,77,109,122,53,70,46,118,76,102,66,109,52,49,80,46,79,78,49,57,103,81,76,71,111,79,100,77,118,75,47,73,116,82,68,47,103,47,106,86,52,82,49,67,75,116,83',4,'CPEN','email5@gmail.com','Jane Doe','6041234569');
INSERT INTO "Student" VALUES('testuser6','36,50,98,36,49,50,36,118,122,118,65,120,97,88,77,109,122,53,70,46,118,76,102,66,109,52,49,80,46,79,78,49,57,103,81,76,71,111,79,100,77,118,75,47,73,116,82,68,47,103,47,106,86,52,82,49,67,75,116,83',1,'KIN','email6@gmail.com','Jane Doe','6041234570');
INSERT INTO "Student" VALUES('testuser7','36,50,98,36,49,50,36,118,122,118,65,120,97,88,77,109,122,53,70,46,118,76,102,66,109,52,49,80,46,79,78,49,57,103,81,76,71,111,79,100,77,118,75,47,73,116,82,68,47,103,47,106,86,52,82,49,67,75,116,83',2,'CPEN','email7@gmail.com','Jane Doe','6041234571');
INSERT INTO "Student" VALUES('testuser8','36,50,98,36,49,50,36,118,122,118,65,120,97,88,77,109,122,53,70,46,118,76,102,66,109,52,49,80,46,79,78,49,57,103,81,76,71,111,79,100,77,118,75,47,73,116,82,68,47,103,47,106,86,52,82,49,67,75,116,83',3,'ELEC','email8@gmail.com','Jane Doe','6041234572');
INSERT INTO "Student" VALUES('testuser9','36,50,98,36,49,50,36,118,122,118,65,120,97,88,77,109,122,53,70,46,118,76,102,66,109,52,49,80,46,79,78,49,57,103,81,76,71,111,79,100,77,118,75,47,73,116,82,68,47,103,47,106,86,52,82,49,67,75,116,83',4,'MECH','email9@gmail.com','Jane Doe','6041234573');
INSERT INTO "Student" VALUES('testuser10','36,50,98,36,49,50,36,118,122,118,65,120,97,88,77,109,122,53,70,46,118,76,102,66,109,52,49,80,46,79,78,49,57,103,81,76,71,111,79,100,77,118,75,47,73,116,82,68,47,103,47,106,86,52,82,49,67,75,116,83',1,'ELEC','email10@gmail.com','Jane Doe','6041234574');
INSERT INTO "Student" VALUES('testuser11','36,50,98,36,49,50,36,118,122,118,65,120,97,88,77,109,122,53,70,46,118,76,102,66,109,52,49,80,46,79,78,49,57,103,81,76,71,111,79,100,77,118,75,47,73,116,82,68,47,103,47,106,86,52,82,49,67,75,116,83',2,'MECH','email11@gmail.com','Jane Doe','6041234575');
INSERT INTO "Student" VALUES('testuser12','36,50,98,36,49,50,36,118,122,118,65,120,97,88,77,109,122,53,70,46,118,76,102,66,109,52,49,80,46,79,78,49,57,103,81,76,71,111,79,100,77,118,75,47,73,116,82,68,47,103,47,106,86,52,82,49,67,75,116,83',3,'FNH','email12@gmail.com','Jane Doe','6041234576');
INSERT INTO "Student" VALUES('testuser13','36,50,98,36,49,50,36,118,122,118,65,120,97,88,77,109,122,53,70,46,118,76,102,66,109,52,49,80,46,79,78,49,57,103,81,76,71,111,79,100,77,118,75,47,73,116,82,68,47,103,47,106,86,52,82,49,67,75,116,83',4,'FOOD','email13@gmail.com','Jane Doe','6041234577');
INSERT INTO "Student" VALUES('testuser14','36,50,98,36,49,50,36,118,122,118,65,120,97,88,77,109,122,53,70,46,118,76,102,66,109,52,49,80,46,79,78,49,57,103,81,76,71,111,79,100,77,118,75,47,73,116,82,68,47,103,47,106,86,52,82,49,67,75,116,83',1,'FNH','email14@gmail.com','Jane Doe','6041234578');
INSERT INTO "Student" VALUES('testuser15','36,50,98,36,49,50,36,118,122,118,65,120,97,88,77,109,122,53,70,46,118,76,102,66,109,52,49,80,46,79,78,49,57,103,81,76,71,111,79,100,77,118,75,47,73,116,82,68,47,103,47,106,86,52,82,49,67,75,116,83',2,'FOOD','email15@gmail.com','Jane Doe','6041234579');
INSERT INTO "Student" VALUES('testuser16','36,50,98,36,49,50,36,118,122,118,65,120,97,88,77,109,122,53,70,46,118,76,102,66,109,52,49,80,46,79,78,49,57,103,81,76,71,111,79,100,77,118,75,47,73,116,82,68,47,103,47,106,86,52,82,49,67,75,116,83',3,'CPSC','email16@gmail.com','Jane Doe','6041234580');
INSERT INTO "Student" VALUES('testuser17','36,50,98,36,49,50,36,118,122,118,65,120,97,88,77,109,122,53,70,46,118,76,102,66,109,52,49,80,46,79,78,49,57,103,81,76,71,111,79,100,77,118,75,47,73,116,82,68,47,103,47,106,86,52,82,49,67,75,116,83',4,'CHBE','email17@gmail.com','Jane Doe','6041234581');
INSERT INTO "Student" VALUES('testuser18','36,50,98,36,49,50,36,118,122,118,65,120,97,88,77,109,122,53,70,46,118,76,102,66,109,52,49,80,46,79,78,49,57,103,81,76,71,111,79,100,77,118,75,47,73,116,82,68,47,103,47,106,86,52,82,49,67,75,116,83',1,'CPSC','email18@gmail.com','Jane Doe','6041234582');
INSERT INTO "Student" VALUES('testuser19','36,50,98,36,49,50,36,118,122,118,65,120,97,88,77,109,122,53,70,46,118,76,102,66,109,52,49,80,46,79,78,49,57,103,81,76,71,111,79,100,77,118,75,47,73,116,82,68,47,103,47,106,86,52,82,49,67,75,116,83',2,'CHBE','email19@gmail.com','Jane Doe','6041234583');
INSERT INTO "Student" VALUES('testuser20','36,50,98,36,49,50,36,118,122,118,65,120,97,88,77,109,122,53,70,46,118,76,102,66,109,52,49,80,46,79,78,49,57,103,81,76,71,111,79,100,77,118,75,47,73,116,82,68,47,103,47,106,86,52,82,49,67,75,116,83',3,'PSYC','email20@gmail.com','Jane Doe','6041234584');
INSERT INTO "Student" VALUES('testuser21','36,50,98,36,49,50,36,118,122,118,65,120,97,88,77,109,122,53,70,46,118,76,102,66,109,52,49,80,46,79,78,49,57,103,81,76,71,111,79,100,77,118,75,47,73,116,82,68,47,103,47,106,86,52,82,49,67,75,116,83',4,'KIN','email21@gmail.com','Jane Doe','6041234585');
INSERT INTO "Student" VALUES('testuser22','36,50,98,36,49,50,36,118,122,118,65,120,97,88,77,109,122,53,70,46,118,76,102,66,109,52,49,80,46,79,78,49,57,103,81,76,71,111,79,100,77,118,75,47,73,116,82,68,47,103,47,106,86,52,82,49,67,75,116,83',1,'PSYC','email22@gmail.com','Jane Doe','6041234586');
INSERT INTO "Student" VALUES('testuser23','36,50,98,36,49,50,36,118,122,118,65,120,97,88,77,109,122,53,70,46,118,76,102,66,109,52,49,80,46,79,78,49,57,103,81,76,71,111,79,100,77,118,75,47,73,116,82,68,47,103,47,106,86,52,82,49,67,75,116,83',2,'KIN','email23@gmail.com','Jane Doe','6041234587');
INSERT INTO "Student" VALUES('testuser24','36,50,98,36,49,50,36,118,122,118,65,120,97,88,77,109,122,53,70,46,118,76,102,66,109,52,49,80,46,79,78,49,57,103,81,76,71,111,79,100,77,118,75,47,73,116,82,68,47,103,47,106,86,52,82,49,67,75,116,83',3,'CPEN','email24@gmail.com','Jane Doe','6041234588');
INSERT INTO "Student" VALUES('testuser25','36,50,98,36,49,50,36,118,122,118,65,120,97,88,77,109,122,53,70,46,118,76,102,66,109,52,49,80,46,79,78,49,57,103,81,76,71,111,79,100,77,118,75,47,73,116,82,68,47,103,47,106,86,52,82,49,67,75,116,83',4,'ELEC','email25@gmail.com','Jane Doe','6041234589');
INSERT INTO "Student" VALUES('testuser26','36,50,98,36,49,50,36,118,122,118,65,120,97,88,77,109,122,53,70,46,118,76,102,66,109,52,49,80,46,79,78,49,57,103,81,76,71,111,79,100,77,118,75,47,73,116,82,68,47,103,47,106,86,52,82,49,67,75,116,83',1,'CPEN','email26@gmail.com','Jane Doe','6041234590');
INSERT INTO "Student" VALUES('testuser27','36,50,98,36,49,50,36,118,122,118,65,120,97,88,77,109,122,53,70,46,118,76,102,66,109,52,49,80,46,79,78,49,57,103,81,76,71,111,79,100,77,118,75,47,73,116,82,68,47,103,47,106,86,52,82,49,67,75,116,83',2,'ELEC','email27@gmail.com','Jane Doe','6041234591');
INSERT INTO "Student" VALUES('testuser28','36,50,98,36,49,50,36,118,122,118,65,120,97,88,77,109,122,53,70,46,118,76,102,66,109,52,49,80,46,79,78,49,57,103,81,76,71,111,79,100,77,118,75,47,73,116,82,68,47,103,47,106,86,52,82,49,67,75,116,83',3,'MECH','email28@gmail.com','Jane Doe','6041234592');
INSERT INTO "Student" VALUES('testuser29','36,50,98,36,49,50,36,118,122,118,65,120,97,88,77,109,122,53,70,46,118,76,102,66,109,52,49,80,46,79,78,49,57,103,81,76,71,111,79,100,77,118,75,47,73,116,82,68,47,103,47,106,86,52,82,49,67,75,116,83',4,'FNH','email29@gmail.com','Jane Doe','6041234593');
INSERT INTO "Student" VALUES('testuser30','36,50,98,36,49,50,36,118,122,118,65,120,97,88,77,109,122,53,70,46,118,76,102,66,109,52,49,80,46,79,78,49,57,103,81,76,71,111,79,100,77,118,75,47,73,116,82,68,47,103,47,106,86,52,82,49,67,75,116,83',1,'MECH','email30@gmail.com','Jane Doe','6041234594');
INSERT INTO "Student" VALUES('testuser31','36,50,98,36,49,50,36,118,122,118,65,120,97,88,77,109,122,53,70,46,118,76,102,66,109,52,49,80,46,79,78,49,57,103,81,76,71,111,79,100,77,118,75,47,73,116,82,68,47,103,47,106,86,52,82,49,67,75,116,83',2,'FNH','email31@gmail.com','Jane Doe','6041234595');
INSERT INTO "Student" VALUES('testuser32','36,50,98,36,49,50,36,118,122,118,65,120,97,88,77,109,122,53,70,46,118,76,102,66,109,52,49,80,46,79,78,49,57,103,81,76,71,111,79,100,77,118,75,47,73,116,82,68,47,103,47,106,86,52,82,49,67,75,116,83',3,'FOOD','email32@gmail.com','Jane Doe','6041234596');
INSERT INTO "Student" VALUES('testuser33','36,50,98,36,49,50,36,118,122,118,65,120,97,88,77,109,122,53,70,46,118,76,102,66,109,52,49,80,46,79,78,49,57,103,81,76,71,111,79,100,77,118,75,47,73,116,82,68,47,103,47,106,86,52,82,49,67,75,116,83',4,'CPSC','email33@gmail.com','Jane Doe','6041234597');
INSERT INTO "Student" VALUES('testuser34','36,50,98,36,49,50,36,118,122,118,65,120,97,88,77,109,122,53,70,46,118,76,102,66,109,52,49,80,46,79,78,49,57,103,81,76,71,111,79,100,77,118,75,47,73,116,82,68,47,103,47,106,86,52,82,49,67,75,116,83',1,'FOOD','email34@gmail.com','Jane Doe','6041234598');
INSERT INTO "Student" VALUES('testuser35','36,50,98,36,49,50,36,118,122,118,65,120,97,88,77,109,122,53,70,46,118,76,102,66,109,52,49,80,46,79,78,49,57,103,81,76,71,111,79,100,77,118,75,47,73,116,82,68,47,103,47,106,86,52,82,49,67,75,116,83',2,'CPSC','email35@gmail.com','Jane Doe','6041234599');
INSERT INTO "Student" VALUES('testuser36','36,50,98,36,49,50,36,118,122,118,65,120,97,88,77,109,122,53,70,46,118,76,102,66,109,52,49,80,46,79,78,49,57,103,81,76,71,111,79,100,77,118,75,47,73,116,82,68,47,103,47,106,86,52,82,49,67,75,116,83',3,'CHBE','email36@gmail.com','Jane Doe','6041234600');
INSERT INTO "Student" VALUES('testuser37','36,50,98,36,49,50,36,118,122,118,65,120,97,88,77,109,122,53,70,46,118,76,102,66,109,52,49,80,46,79,78,49,57,103,81,76,71,111,79,100,77,118,75,47,73,116,82,68,47,103,47,106,86,52,82,49,67,75,116,83',4,'PSYC','email37@gmail.com','Jane Doe','6041234601');
INSERT INTO "Student" VALUES('testuser38','36,50,98,36,49,50,36,118,122,118,65,120,97,88,77,109,122,53,70,46,118,76,102,66,109,52,49,80,46,79,78,49,57,103,81,76,71,111,79,100,77,118,75,47,73,116,82,68,47,103,47,106,86,52,82,49,67,75,116,83',1,'CHBE','email38@gmail.com','Jane Doe','6041234602');
INSERT INTO "Student" VALUES('testuser39','36,50,98,36,49,50,36,118,122,118,65,120,97,88,77,109,122,53,70,46,118,76,102,66,109,52,49,80,46,79,78,49,57,103,81,76,71,111,79,100,77,118,75,47,73,116,82,68,47,103,47,106,86,52,82,49,67,75,116,83',2,'PSYC','email39@gmail.com','Jane Doe','6041234603');
INSERT INTO "Student" VALUES('testuser40','36,50,98,36,49,50,36,118,122,118,65,120,97,88,77,109,122,53,70,46,118,76,102,66,109,52,49,80,46,79,78,49,57,103,81,76,71,111,79,100,77,118,75,47,73,116,82,68,47,103,47,106,86,52,82,49,67,75,116,83',3,'KIN','email40@gmail.com','Jane Doe','6041234604');
INSERT INTO "Student" VALUES('testuser41','36,50,98,36,49,50,36,118,122,118,65,120,97,88,77,109,122,53,70,46,118,76,102,66,109,52,49,80,46,79,78,49,57,103,81,76,71,111,79,100,77,118,75,47,73,116,82,68,47,103,47,106,86,52,82,49,67,75,116,83',4,'CPEN','email41@gmail.com','Jane Doe','6041234605');
INSERT INTO "Student" VALUES('testuser42','36,50,98,36,49,50,36,118,122,118,65,120,97,88,77,109,122,53,70,46,118,76,102,66,109,52,49,80,46,79,78,49,57,103,81,76,71,111,79,100,77,118,75,47,73,116,82,68,47,103,47,106,86,52,82,49,67,75,116,83',1,'KIN','email42@gmail.com','Jane Doe','6041234606');
INSERT INTO "Student" VALUES('testuser43','36,50,98,36,49,50,36,118,122,118,65,120,97,88,77,109,122,53,70,46,118,76,102,66,109,52,49,80,46,79,78,49,57,103,81,76,71,111,79,100,77,118,75,47,73,116,82,68,47,103,47,106,86,52,82,49,67,75,116,83',2,'CPEN','email43@gmail.com','Jane Doe','6041234607');
INSERT INTO "Student" VALUES('testuser44','36,50,98,36,49,50,36,118,122,118,65,120,97,88,77,109,122,53,70,46,118,76,102,66,109,52,49,80,46,79,78,49,57,103,81,76,71,111,79,100,77,118,75,47,73,116,82,68,47,103,47,106,86,52,82,49,67,75,116,83',3,'ELEC','email44@gmail.com','Jane Doe','6041234608');
INSERT INTO "Student" VALUES('testuser45','36,50,98,36,49,50,36,118,122,118,65,120,97,88,77,109,122,53,70,46,118,76,102,66,109,52,49,80,46,79,78,49,57,103,81,76,71,111,79,100,77,118,75,47,73,116,82,68,47,103,47,106,86,52,82,49,67,75,116,83',4,'MECH','email45@gmail.com','Jane Doe','6041234609');
INSERT INTO "Student" VALUES('testuser46','36,50,98,36,49,50,36,118,122,118,65,120,97,88,77,109,122,53,70,46,118,76,102,66,109,52,49,80,46,79,78,49,57,103,81,76,71,111,79,100,77,118,75,47,73,116,82,68,47,103,47,106,86,52,82,49,67,75,116,83',1,'ELEC','email46@gmail.com','Jane Doe','6041234610');
INSERT INTO "Student" VALUES('testuser47','36,50,98,36,49,50,36,118,122,118,65,120,97,88,77,109,122,53,70,46,118,76,102,66,109,52,49,80,46,79,78,49,57,103,81,76,71,111,79,100,77,118,75,47,73,116,82,68,47,103,47,106,86,52,82,49,67,75,116,83',2,'MECH','email47@gmail.com','Jane Doe','6041234611');
INSERT INTO "Student" VALUES('testuser48','36,50,98,36,49,50,36,118,122,118,65,120,97,88,77,109,122,53,70,46,118,76,102,66,109,52,49,80,46,79,78,49,57,103,81,76,71,111,79,100,77,118,75,47,73,116,82,68,47,103,47,106,86,52,82,49,67,75,116,83',3,'FNH','email48@gmail.com','Jane Doe','6041234612');
CREATE TABLE Instructor(
    username VARCHAR(32) NOT NULL,
    pwhash BINARY(60) NOT NULL,
    faculty CHAR(4) NOT NULL,
    email VARCHAR(64) NOT NULL,
    name VARCHAR(128) NOT NULL,
    phoneNumber CHAR(12) NOT NULL,

    PRIMARY KEY (username)
);
INSERT INTO "Instructor" VALUES('instructor1',X'2432622431322476425462536A51554F656665762E664B6B38555467654C706974694239364E3253654D36464254367641633743736A6F5778427061','ELEC','janedoe@test.com','Jane Doe','7789524378');
INSERT INTO "Instructor" VALUES('instructor2','36,50,98,36,49,50,36,118,122,118,65,120,97,88,77,109,122,53,70,46,118,76,102,66,109,52,49,80,46,79,78,49,57,103,81,76,71,111,79,100,77,118,75,47,73,116,82,68,47,103,47,106,86,52,82,49,67,75,116,83','CHBE','instructor_email2@gmail.com','Teacher Doe','6041237654');
INSERT INTO "Instructor" VALUES('instructor3','36,50,98,36,49,50,36,118,122,118,65,120,97,88,77,109,122,53,70,46,118,76,102,66,109,52,49,80,46,79,78,49,57,103,81,76,71,111,79,100,77,118,75,47,73,116,82,68,47,103,47,106,86,52,82,49,67,75,116,83','MECH','instructor_email3@gmail.com','Teacher Doe','6041237653');
INSERT INTO "Instructor" VALUES('instructor4','36,50,98,36,49,50,36,118,122,118,65,120,97,88,77,109,122,53,70,46,118,76,102,66,109,52,49,80,46,79,78,49,57,103,81,76,71,111,79,100,77,118,75,47,73,116,82,68,47,103,47,106,86,52,82,49,67,75,116,83','PSYC','instructor_email4@gmail.com','Teacher Doe','6041237652');
INSERT INTO "Instructor" VALUES('instructor5','36,50,98,36,49,50,36,118,122,118,65,120,97,88,77,109,122,53,70,46,118,76,102,66,109,52,49,80,46,79,78,49,57,103,81,76,71,111,79,100,77,118,75,47,73,116,82,68,47,103,47,106,86,52,82,49,67,75,116,83','FNH','instructor_email5@gmail.com','Teacher Doe','6041237651');
INSERT INTO "Instructor" VALUES('instructor6','36,50,98,36,49,50,36,118,122,118,65,120,97,88,77,109,122,53,70,46,118,76,102,66,109,52,49,80,46,79,78,49,57,103,81,76,71,111,79,100,77,118,75,47,73,116,82,68,47,103,47,106,86,52,82,49,67,75,116,83','KIN','instructor_email6@gmail.com','Teacher Doe','6041237650');
INSERT INTO "Instructor" VALUES('instructor7','36,50,98,36,49,50,36,118,122,118,65,120,97,88,77,109,122,53,70,46,118,76,102,66,109,52,49,80,46,79,78,49,57,103,81,76,71,111,79,100,77,118,75,47,73,116,82,68,47,103,47,106,86,52,82,49,67,75,116,83','FOOD','instructor_email7@gmail.com','Teacher Doe','6041237649');
INSERT INTO "Instructor" VALUES('instructor8','36,50,98,36,49,50,36,118,122,118,65,120,97,88,77,109,122,53,70,46,118,76,102,66,109,52,49,80,46,79,78,49,57,103,81,76,71,111,79,100,77,118,75,47,73,116,82,68,47,103,47,106,86,52,82,49,67,75,116,83','CPEN','instructor_email8@gmail.com','Teacher Doe','6041237648');
INSERT INTO "Instructor" VALUES('instructor9','36,50,98,36,49,50,36,118,122,118,65,120,97,88,77,109,122,53,70,46,118,76,102,66,109,52,49,80,46,79,78,49,57,103,81,76,71,111,79,100,77,118,75,47,73,116,82,68,47,103,47,106,86,52,82,49,67,75,116,83','CPSC','instructor_email9@gmail.com','Teacher Doe','6041237647');
INSERT INTO "Instructor" VALUES('instructor10','36,50,98,36,49,50,36,118,122,118,65,120,97,88,77,109,122,53,70,46,118,76,102,66,109,52,49,80,46,79,78,49,57,103,81,76,71,111,79,100,77,118,75,47,73,116,82,68,47,103,47,106,86,52,82,49,67,75,116,83','ELEC','instructor_email10@gmail.com','Teacher Doe','6041237646');
INSERT INTO "Instructor" VALUES('instructor11','36,50,98,36,49,50,36,118,122,118,65,120,97,88,77,109,122,53,70,46,118,76,102,66,109,52,49,80,46,79,78,49,57,103,81,76,71,111,79,100,77,118,75,47,73,116,82,68,47,103,47,106,86,52,82,49,67,75,116,83','CHBE','instructor_email11@gmail.com','Teacher Doe','6041237645');
INSERT INTO "Instructor" VALUES('instructor12','36,50,98,36,49,50,36,118,122,118,65,120,97,88,77,109,122,53,70,46,118,76,102,66,109,52,49,80,46,79,78,49,57,103,81,76,71,111,79,100,77,118,75,47,73,116,82,68,47,103,47,106,86,52,82,49,67,75,116,83','MECH','instructor_email12@gmail.com','Teacher Doe','6041237644');
INSERT INTO "Instructor" VALUES('instructor13','36,50,98,36,49,50,36,118,122,118,65,120,97,88,77,109,122,53,70,46,118,76,102,66,109,52,49,80,46,79,78,49,57,103,81,76,71,111,79,100,77,118,75,47,73,116,82,68,47,103,47,106,86,52,82,49,67,75,116,83','PSYC','instructor_email13@gmail.com','Teacher Doe','6041237643');
INSERT INTO "Instructor" VALUES('instructor14','36,50,98,36,49,50,36,118,122,118,65,120,97,88,77,109,122,53,70,46,118,76,102,66,109,52,49,80,46,79,78,49,57,103,81,76,71,111,79,100,77,118,75,47,73,116,82,68,47,103,47,106,86,52,82,49,67,75,116,83','FNH','instructor_email14@gmail.com','Teacher Doe','6041237642');
INSERT INTO "Instructor" VALUES('instructor15','36,50,98,36,49,50,36,118,122,118,65,120,97,88,77,109,122,53,70,46,118,76,102,66,109,52,49,80,46,79,78,49,57,103,81,76,71,111,79,100,77,118,75,47,73,116,82,68,47,103,47,106,86,52,82,49,67,75,116,83','KIN','instructor_email15@gmail.com','Teacher Doe','6041237641');
INSERT INTO "Instructor" VALUES('instructor16','36,50,98,36,49,50,36,118,122,118,65,120,97,88,77,109,122,53,70,46,118,76,102,66,109,52,49,80,46,79,78,49,57,103,81,76,71,111,79,100,77,118,75,47,73,116,82,68,47,103,47,106,86,52,82,49,67,75,116,83','FOOD','instructor_email16@gmail.com','Teacher Doe','6041237640');
INSERT INTO "Instructor" VALUES('instructor17','36,50,98,36,49,50,36,118,122,118,65,120,97,88,77,109,122,53,70,46,118,76,102,66,109,52,49,80,46,79,78,49,57,103,81,76,71,111,79,100,77,118,75,47,73,116,82,68,47,103,47,106,86,52,82,49,67,75,116,83','CPEN','instructor_email17@gmail.com','Teacher Doe','6041237639');
INSERT INTO "Instructor" VALUES('instructor18','36,50,98,36,49,50,36,118,122,118,65,120,97,88,77,109,122,53,70,46,118,76,102,66,109,52,49,80,46,79,78,49,57,103,81,76,71,111,79,100,77,118,75,47,73,116,82,68,47,103,47,106,86,52,82,49,67,75,116,83','CPSC','instructor_email18@gmail.com','Teacher Doe','6041237638');
INSERT INTO "Instructor" VALUES('instructor19','36,50,98,36,49,50,36,118,122,118,65,120,97,88,77,109,122,53,70,46,118,76,102,66,109,52,49,80,46,79,78,49,57,103,81,76,71,111,79,100,77,118,75,47,73,116,82,68,47,103,47,106,86,52,82,49,67,75,116,83','ELEC','instructor_email19@gmail.com','Teacher Doe','6041237637');
INSERT INTO "Instructor" VALUES('instructor20','36,50,98,36,49,50,36,118,122,118,65,120,97,88,77,109,122,53,70,46,118,76,102,66,109,52,49,80,46,79,78,49,57,103,81,76,71,111,79,100,77,118,75,47,73,116,82,68,47,103,47,106,86,52,82,49,67,75,116,83','CHBE','instructor_email20@gmail.com','Teacher Doe','6041237636');
INSERT INTO "Instructor" VALUES('instructor21','36,50,98,36,49,50,36,118,122,118,65,120,97,88,77,109,122,53,70,46,118,76,102,66,109,52,49,80,46,79,78,49,57,103,81,76,71,111,79,100,77,118,75,47,73,116,82,68,47,103,47,106,86,52,82,49,67,75,116,83','MECH','instructor_email21@gmail.com','Teacher Doe','6041237635');
INSERT INTO "Instructor" VALUES('instructor22','36,50,98,36,49,50,36,118,122,118,65,120,97,88,77,109,122,53,70,46,118,76,102,66,109,52,49,80,46,79,78,49,57,103,81,76,71,111,79,100,77,118,75,47,73,116,82,68,47,103,47,106,86,52,82,49,67,75,116,83','PSYC','instructor_email22@gmail.com','Teacher Doe','6041237634');
INSERT INTO "Instructor" VALUES('instructor23','36,50,98,36,49,50,36,118,122,118,65,120,97,88,77,109,122,53,70,46,118,76,102,66,109,52,49,80,46,79,78,49,57,103,81,76,71,111,79,100,77,118,75,47,73,116,82,68,47,103,47,106,86,52,82,49,67,75,116,83','FNH','instructor_email23@gmail.com','Teacher Doe','6041237633');
INSERT INTO "Instructor" VALUES('instructor24','36,50,98,36,49,50,36,118,122,118,65,120,97,88,77,109,122,53,70,46,118,76,102,66,109,52,49,80,46,79,78,49,57,103,81,76,71,111,79,100,77,118,75,47,73,116,82,68,47,103,47,106,86,52,82,49,67,75,116,83','KIN','instructor_email24@gmail.com','Teacher Doe','6041237632');
INSERT INTO "Instructor" VALUES('instructor25','36,50,98,36,49,50,36,118,122,118,65,120,97,88,77,109,122,53,70,46,118,76,102,66,109,52,49,80,46,79,78,49,57,103,81,76,71,111,79,100,77,118,75,47,73,116,82,68,47,103,47,106,86,52,82,49,67,75,116,83','FOOD','instructor_email25@gmail.com','Teacher Doe','6041237631');
INSERT INTO "Instructor" VALUES('instructor26','36,50,98,36,49,50,36,118,122,118,65,120,97,88,77,109,122,53,70,46,118,76,102,66,109,52,49,80,46,79,78,49,57,103,81,76,71,111,79,100,77,118,75,47,73,116,82,68,47,103,47,106,86,52,82,49,67,75,116,83','CPEN','instructor_email26@gmail.com','Teacher Doe','6041237630');
INSERT INTO "Instructor" VALUES('instructor27','36,50,98,36,49,50,36,118,122,118,65,120,97,88,77,109,122,53,70,46,118,76,102,66,109,52,49,80,46,79,78,49,57,103,81,76,71,111,79,100,77,118,75,47,73,116,82,68,47,103,47,106,86,52,82,49,67,75,116,83','CPSC','instructor_email27@gmail.com','Teacher Doe','6041237629');
INSERT INTO "Instructor" VALUES('instructor28','36,50,98,36,49,50,36,118,122,118,65,120,97,88,77,109,122,53,70,46,118,76,102,66,109,52,49,80,46,79,78,49,57,103,81,76,71,111,79,100,77,118,75,47,73,116,82,68,47,103,47,106,86,52,82,49,67,75,116,83','ELEC','instructor_email28@gmail.com','Teacher Doe','6041237628');
INSERT INTO "Instructor" VALUES('instructor29','36,50,98,36,49,50,36,118,122,118,65,120,97,88,77,109,122,53,70,46,118,76,102,66,109,52,49,80,46,79,78,49,57,103,81,76,71,111,79,100,77,118,75,47,73,116,82,68,47,103,47,106,86,52,82,49,67,75,116,83','CHBE','instructor_email29@gmail.com','Teacher Doe','6041237627');
INSERT INTO "Instructor" VALUES('instructor30','36,50,98,36,49,50,36,118,122,118,65,120,97,88,77,109,122,53,70,46,118,76,102,66,109,52,49,80,46,79,78,49,57,103,81,76,71,111,79,100,77,118,75,47,73,116,82,68,47,103,47,106,86,52,82,49,67,75,116,83','MECH','instructor_email30@gmail.com','Teacher Doe','6041237626');
INSERT INTO "Instructor" VALUES('instructor31','36,50,98,36,49,50,36,118,122,118,65,120,97,88,77,109,122,53,70,46,118,76,102,66,109,52,49,80,46,79,78,49,57,103,81,76,71,111,79,100,77,118,75,47,73,116,82,68,47,103,47,106,86,52,82,49,67,75,116,83','PSYC','instructor_email31@gmail.com','Teacher Doe','6041237625');
INSERT INTO "Instructor" VALUES('instructor32','36,50,98,36,49,50,36,118,122,118,65,120,97,88,77,109,122,53,70,46,118,76,102,66,109,52,49,80,46,79,78,49,57,103,81,76,71,111,79,100,77,118,75,47,73,116,82,68,47,103,47,106,86,52,82,49,67,75,116,83','FNH','instructor_email32@gmail.com','Teacher Doe','6041237624');
INSERT INTO "Instructor" VALUES('instructor33','36,50,98,36,49,50,36,118,122,118,65,120,97,88,77,109,122,53,70,46,118,76,102,66,109,52,49,80,46,79,78,49,57,103,81,76,71,111,79,100,77,118,75,47,73,116,82,68,47,103,47,106,86,52,82,49,67,75,116,83','KIN','instructor_email33@gmail.com','Teacher Doe','6041237623');
INSERT INTO "Instructor" VALUES('instructor34','36,50,98,36,49,50,36,118,122,118,65,120,97,88,77,109,122,53,70,46,118,76,102,66,109,52,49,80,46,79,78,49,57,103,81,76,71,111,79,100,77,118,75,47,73,116,82,68,47,103,47,106,86,52,82,49,67,75,116,83','FOOD','instructor_email34@gmail.com','Teacher Doe','6041237622');
INSERT INTO "Instructor" VALUES('instructor35','36,50,98,36,49,50,36,118,122,118,65,120,97,88,77,109,122,53,70,46,118,76,102,66,109,52,49,80,46,79,78,49,57,103,81,76,71,111,79,100,77,118,75,47,73,116,82,68,47,103,47,106,86,52,82,49,67,75,116,83','CPEN','instructor_email35@gmail.com','Teacher Doe','6041237621');
INSERT INTO "Instructor" VALUES('instructor36','36,50,98,36,49,50,36,118,122,118,65,120,97,88,77,109,122,53,70,46,118,76,102,66,109,52,49,80,46,79,78,49,57,103,81,76,71,111,79,100,77,118,75,47,73,116,82,68,47,103,47,106,86,52,82,49,67,75,116,83','CPSC','instructor_email36@gmail.com','Teacher Doe','6041237620');
INSERT INTO "Instructor" VALUES('instructor37','36,50,98,36,49,50,36,118,122,118,65,120,97,88,77,109,122,53,70,46,118,76,102,66,109,52,49,80,46,79,78,49,57,103,81,76,71,111,79,100,77,118,75,47,73,116,82,68,47,103,47,106,86,52,82,49,67,75,116,83','ELEC','instructor_email37@gmail.com','Teacher Doe','6041237619');
INSERT INTO "Instructor" VALUES('instructor38','36,50,98,36,49,50,36,118,122,118,65,120,97,88,77,109,122,53,70,46,118,76,102,66,109,52,49,80,46,79,78,49,57,103,81,76,71,111,79,100,77,118,75,47,73,116,82,68,47,103,47,106,86,52,82,49,67,75,116,83','CHBE','instructor_email38@gmail.com','Teacher Doe','6041237618');
INSERT INTO "Instructor" VALUES('instructor39','36,50,98,36,49,50,36,118,122,118,65,120,97,88,77,109,122,53,70,46,118,76,102,66,109,52,49,80,46,79,78,49,57,103,81,76,71,111,79,100,77,118,75,47,73,116,82,68,47,103,47,106,86,52,82,49,67,75,116,83','MECH','instructor_email39@gmail.com','Teacher Doe','6041237617');
INSERT INTO "Instructor" VALUES('instructor40','36,50,98,36,49,50,36,118,122,118,65,120,97,88,77,109,122,53,70,46,118,76,102,66,109,52,49,80,46,79,78,49,57,103,81,76,71,111,79,100,77,118,75,47,73,116,82,68,47,103,47,106,86,52,82,49,67,75,116,83','PSYC','instructor_email40@gmail.com','Teacher Doe','6041237616');
INSERT INTO "Instructor" VALUES('instructor41','36,50,98,36,49,50,36,118,122,118,65,120,97,88,77,109,122,53,70,46,118,76,102,66,109,52,49,80,46,79,78,49,57,103,81,76,71,111,79,100,77,118,75,47,73,116,82,68,47,103,47,106,86,52,82,49,67,75,116,83','FNH','instructor_email41@gmail.com','Teacher Doe','6041237615');
INSERT INTO "Instructor" VALUES('instructor42','36,50,98,36,49,50,36,118,122,118,65,120,97,88,77,109,122,53,70,46,118,76,102,66,109,52,49,80,46,79,78,49,57,103,81,76,71,111,79,100,77,118,75,47,73,116,82,68,47,103,47,106,86,52,82,49,67,75,116,83','KIN','instructor_email42@gmail.com','Teacher Doe','6041237614');
INSERT INTO "Instructor" VALUES('instructor43','36,50,98,36,49,50,36,118,122,118,65,120,97,88,77,109,122,53,70,46,118,76,102,66,109,52,49,80,46,79,78,49,57,103,81,76,71,111,79,100,77,118,75,47,73,116,82,68,47,103,47,106,86,52,82,49,67,75,116,83','FOOD','instructor_email43@gmail.com','Teacher Doe','6041237613');
INSERT INTO "Instructor" VALUES('instructor44','36,50,98,36,49,50,36,118,122,118,65,120,97,88,77,109,122,53,70,46,118,76,102,66,109,52,49,80,46,79,78,49,57,103,81,76,71,111,79,100,77,118,75,47,73,116,82,68,47,103,47,106,86,52,82,49,67,75,116,83','CPEN','instructor_email44@gmail.com','Teacher Doe','6041237612');
INSERT INTO "Instructor" VALUES('instructor45','36,50,98,36,49,50,36,118,122,118,65,120,97,88,77,109,122,53,70,46,118,76,102,66,109,52,49,80,46,79,78,49,57,103,81,76,71,111,79,100,77,118,75,47,73,116,82,68,47,103,47,106,86,52,82,49,67,75,116,83','CPSC','instructor_email45@gmail.com','Teacher Doe','6041237611');
INSERT INTO "Instructor" VALUES('instructor46','36,50,98,36,49,50,36,118,122,118,65,120,97,88,77,109,122,53,70,46,118,76,102,66,109,52,49,80,46,79,78,49,57,103,81,76,71,111,79,100,77,118,75,47,73,116,82,68,47,103,47,106,86,52,82,49,67,75,116,83','ELEC','instructor_email46@gmail.com','Teacher Doe','6041237610');
INSERT INTO "Instructor" VALUES('instructor47','36,50,98,36,49,50,36,118,122,118,65,120,97,88,77,109,122,53,70,46,118,76,102,66,109,52,49,80,46,79,78,49,57,103,81,76,71,111,79,100,77,118,75,47,73,116,82,68,47,103,47,106,86,52,82,49,67,75,116,83','CHBE','instructor_email47@gmail.com','Teacher Doe','6041237609');
INSERT INTO "Instructor" VALUES('instructor48','36,50,98,36,49,50,36,118,122,118,65,120,97,88,77,109,122,53,70,46,118,76,102,66,109,52,49,80,46,79,78,49,57,103,81,76,71,111,79,100,77,118,75,47,73,116,82,68,47,103,47,106,86,52,82,49,67,75,116,83','MECH','instructor_email48@gmail.com','Teacher Doe','6041237608');
INSERT INTO "Instructor" VALUES('instructor49','36,50,98,36,49,50,36,118,122,118,65,120,97,88,77,109,122,53,70,46,118,76,102,66,109,52,49,80,46,79,78,49,57,103,81,76,71,111,79,100,77,118,75,47,73,116,82,68,47,103,47,106,86,52,82,49,67,75,116,83','PSYC','instructor_email49@gmail.com','Teacher Doe','6041237607');
CREATE TABLE Equipment(
    equipmentID INT NOT NULL,
    equipmentName VARCHAR(128) NOT NULL,
    equipmentType CHAR(3) NOT NULL,

    PRIMARY KEY (equipmentID)
);
INSERT INTO "Equipment" VALUES(1,'Circuits Kit','KIT');
INSERT INTO "Equipment" VALUES(2,'Safety Goggles','LAB');
INSERT INTO "Equipment" VALUES(3,'Molecule Kit','KIT');
INSERT INTO "Equipment" VALUES(4,'DE1-SOC','LAB');
INSERT INTO "Equipment" VALUES(5,'DE2-SOC','LAB');
INSERT INTO "Equipment" VALUES(6,'Calculus: Early Transcendentals, Stewart','TXT');
INSERT INTO "Equipment" VALUES(7,'i-Clicker +','KIT');
INSERT INTO "Equipment" VALUES(8,'Digital Design & Computer Architecture 2/E, Harris','TXT');
INSERT INTO "Equipment" VALUES(9,'Objects Abstraction DS & Design Using C++, Koffman','TXT');
INSERT INTO "Equipment" VALUES(10,'Principles of Computer System Design, Saltzer','TXT');
INSERT INTO "Equipment" VALUES(11,'Chemistry Lab Notebook','LAB');
INSERT INTO "Equipment" VALUES(12,'Physics Lab Journal','LAB');
INSERT INTO "Equipment" VALUES(13,'Algorithm Design, Kleinberg','TXT');
INSERT INTO "Equipment" VALUES(14,'Arduino Starter Kit','LAB');
INSERT INTO "Equipment" VALUES(15,'Lab Coat','LAB');
INSERT INTO "Equipment" VALUES(16,'Carbon Paper','TXT');
INSERT INTO "Equipment" VALUES(17,'Pkg Discrete Mathematics W/ Application 4/E Student Solution Manual','TXT');
INSERT INTO "Equipment" VALUES(18,'Canadian Writers Handbook','TXT');
INSERT INTO "Equipment" VALUES(19,'Unequal Childhoods 2/E, ','TXT');
INSERT INTO "Equipment" VALUES(20,'Stethoscope','LAB');
CREATE TABLE "django_migrations" ("id" integer NOT NULL PRIMARY KEY AUTOINCREMENT, "app" varchar(255) NOT NULL, "name" varchar(255) NOT NULL, "applied" datetime NOT NULL);
INSERT INTO "django_migrations" VALUES(1,'contenttypes','0001_initial','2017-03-19 01:11:11.754478');
INSERT INTO "django_migrations" VALUES(2,'auth','0001_initial','2017-03-19 01:11:11.897073');
INSERT INTO "django_migrations" VALUES(3,'admin','0001_initial','2017-03-19 01:11:12.040048');
INSERT INTO "django_migrations" VALUES(4,'admin','0002_logentry_remove_auto_add','2017-03-19 01:11:12.183000');
INSERT INTO "django_migrations" VALUES(5,'contenttypes','0002_remove_content_type_name','2017-03-19 01:11:12.327314');
INSERT INTO "django_migrations" VALUES(6,'auth','0002_alter_permission_name_max_length','2017-03-19 01:11:12.486110');
INSERT INTO "django_migrations" VALUES(7,'auth','0003_alter_user_email_max_length','2017-03-19 01:11:12.663604');
INSERT INTO "django_migrations" VALUES(8,'auth','0004_alter_user_username_opts','2017-03-19 01:11:12.786144');
INSERT INTO "django_migrations" VALUES(9,'auth','0005_alter_user_last_login_null','2017-03-19 01:11:12.911234');
INSERT INTO "django_migrations" VALUES(10,'auth','0006_require_contenttypes_0002','2017-03-19 01:11:12.977810');
INSERT INTO "django_migrations" VALUES(11,'auth','0007_alter_validators_add_error_messages','2017-03-19 01:11:13.136284');
INSERT INTO "django_migrations" VALUES(12,'auth','0008_alter_user_username_max_length','2017-03-19 01:11:13.261439');
INSERT INTO "django_migrations" VALUES(13,'sessions','0001_initial','2017-03-19 01:11:13.402577');
CREATE TABLE "auth_group" ("id" integer NOT NULL PRIMARY KEY AUTOINCREMENT, "name" varchar(80) NOT NULL UNIQUE);
CREATE TABLE "auth_group_permissions" ("id" integer NOT NULL PRIMARY KEY AUTOINCREMENT, "group_id" integer NOT NULL REFERENCES "auth_group" ("id"), "permission_id" integer NOT NULL REFERENCES "auth_permission" ("id"));
CREATE TABLE "auth_user_groups" ("id" integer NOT NULL PRIMARY KEY AUTOINCREMENT, "user_id" integer NOT NULL REFERENCES "auth_user" ("id"), "group_id" integer NOT NULL REFERENCES "auth_group" ("id"));
CREATE TABLE "auth_user_user_permissions" ("id" integer NOT NULL PRIMARY KEY AUTOINCREMENT, "user_id" integer NOT NULL REFERENCES "auth_user" ("id"), "permission_id" integer NOT NULL REFERENCES "auth_permission" ("id"));
CREATE TABLE "django_admin_log" ("id" integer NOT NULL PRIMARY KEY AUTOINCREMENT, "object_id" text NULL, "object_repr" varchar(200) NOT NULL, "action_flag" smallint unsigned NOT NULL, "change_message" text NOT NULL, "content_type_id" integer NULL REFERENCES "django_content_type" ("id"), "user_id" integer NOT NULL REFERENCES "auth_user" ("id"), "action_time" datetime NOT NULL);
CREATE TABLE "django_content_type" ("id" integer NOT NULL PRIMARY KEY AUTOINCREMENT, "app_label" varchar(100) NOT NULL, "model" varchar(100) NOT NULL);
INSERT INTO "django_content_type" VALUES(1,'admin','logentry');
INSERT INTO "django_content_type" VALUES(2,'auth','group');
INSERT INTO "django_content_type" VALUES(3,'auth','permission');
INSERT INTO "django_content_type" VALUES(4,'auth','user');
INSERT INTO "django_content_type" VALUES(5,'contenttypes','contenttype');
INSERT INTO "django_content_type" VALUES(6,'sessions','session');
INSERT INTO "django_content_type" VALUES(7,'swapapp','class');
INSERT INTO "django_content_type" VALUES(8,'swapapp','classrequiresequipment');
INSERT INTO "django_content_type" VALUES(9,'swapapp','confirmedtrade');
INSERT INTO "django_content_type" VALUES(10,'swapapp','equipment');
INSERT INTO "django_content_type" VALUES(11,'swapapp','instructor');
INSERT INTO "django_content_type" VALUES(12,'swapapp','pendingtrade');
INSERT INTO "django_content_type" VALUES(13,'swapapp','student');
INSERT INTO "django_content_type" VALUES(14,'swapapp','studenthasequipment');
INSERT INTO "django_content_type" VALUES(15,'swapapp','studenttakesclass');
CREATE TABLE "auth_permission" ("id" integer NOT NULL PRIMARY KEY AUTOINCREMENT, "content_type_id" integer NOT NULL REFERENCES "django_content_type" ("id"), "codename" varchar(100) NOT NULL, "name" varchar(255) NOT NULL);
INSERT INTO "auth_permission" VALUES(1,1,'add_logentry','Can add log entry');
INSERT INTO "auth_permission" VALUES(2,1,'change_logentry','Can change log entry');
INSERT INTO "auth_permission" VALUES(3,1,'delete_logentry','Can delete log entry');
INSERT INTO "auth_permission" VALUES(4,2,'add_group','Can add group');
INSERT INTO "auth_permission" VALUES(5,2,'change_group','Can change group');
INSERT INTO "auth_permission" VALUES(6,2,'delete_group','Can delete group');
INSERT INTO "auth_permission" VALUES(7,3,'add_permission','Can add permission');
INSERT INTO "auth_permission" VALUES(8,3,'change_permission','Can change permission');
INSERT INTO "auth_permission" VALUES(9,3,'delete_permission','Can delete permission');
INSERT INTO "auth_permission" VALUES(10,4,'add_user','Can add user');
INSERT INTO "auth_permission" VALUES(11,4,'change_user','Can change user');
INSERT INTO "auth_permission" VALUES(12,4,'delete_user','Can delete user');
INSERT INTO "auth_permission" VALUES(13,5,'add_contenttype','Can add content type');
INSERT INTO "auth_permission" VALUES(14,5,'change_contenttype','Can change content type');
INSERT INTO "auth_permission" VALUES(15,5,'delete_contenttype','Can delete content type');
INSERT INTO "auth_permission" VALUES(16,6,'add_session','Can add session');
INSERT INTO "auth_permission" VALUES(17,6,'change_session','Can change session');
INSERT INTO "auth_permission" VALUES(18,6,'delete_session','Can delete session');
INSERT INTO "auth_permission" VALUES(19,7,'add_class','Can add class');
INSERT INTO "auth_permission" VALUES(20,7,'change_class','Can change class');
INSERT INTO "auth_permission" VALUES(21,7,'delete_class','Can delete class');
INSERT INTO "auth_permission" VALUES(22,8,'add_classrequiresequipment','Can add class requires equipment');
INSERT INTO "auth_permission" VALUES(23,8,'change_classrequiresequipment','Can change class requires equipment');
INSERT INTO "auth_permission" VALUES(24,8,'delete_classrequiresequipment','Can delete class requires equipment');
INSERT INTO "auth_permission" VALUES(25,9,'add_confirmedtrade','Can add confirmed trade');
INSERT INTO "auth_permission" VALUES(26,9,'change_confirmedtrade','Can change confirmed trade');
INSERT INTO "auth_permission" VALUES(27,9,'delete_confirmedtrade','Can delete confirmed trade');
INSERT INTO "auth_permission" VALUES(28,10,'add_equipment','Can add equipment');
INSERT INTO "auth_permission" VALUES(29,10,'change_equipment','Can change equipment');
INSERT INTO "auth_permission" VALUES(30,10,'delete_equipment','Can delete equipment');
INSERT INTO "auth_permission" VALUES(31,11,'add_instructor','Can add instructor');
INSERT INTO "auth_permission" VALUES(32,11,'change_instructor','Can change instructor');
INSERT INTO "auth_permission" VALUES(33,11,'delete_instructor','Can delete instructor');
INSERT INTO "auth_permission" VALUES(34,12,'add_pendingtrade','Can add pending trade');
INSERT INTO "auth_permission" VALUES(35,12,'change_pendingtrade','Can change pending trade');
INSERT INTO "auth_permission" VALUES(36,12,'delete_pendingtrade','Can delete pending trade');
INSERT INTO "auth_permission" VALUES(37,13,'add_student','Can add student');
INSERT INTO "auth_permission" VALUES(38,13,'change_student','Can change student');
INSERT INTO "auth_permission" VALUES(39,13,'delete_student','Can delete student');
INSERT INTO "auth_permission" VALUES(40,14,'add_studenthasequipment','Can add student has equipment');
INSERT INTO "auth_permission" VALUES(41,14,'change_studenthasequipment','Can change student has equipment');
INSERT INTO "auth_permission" VALUES(42,14,'delete_studenthasequipment','Can delete student has equipment');
INSERT INTO "auth_permission" VALUES(43,15,'add_studenttakesclass','Can add student takes class');
INSERT INTO "auth_permission" VALUES(44,15,'change_studenttakesclass','Can change student takes class');
INSERT INTO "auth_permission" VALUES(45,15,'delete_studenttakesclass','Can delete student takes class');
CREATE TABLE "auth_user" ("id" integer NOT NULL PRIMARY KEY AUTOINCREMENT, "password" varchar(128) NOT NULL, "last_login" datetime NULL, "is_superuser" bool NOT NULL, "first_name" varchar(30) NOT NULL, "last_name" varchar(30) NOT NULL, "email" varchar(254) NOT NULL, "is_staff" bool NOT NULL, "is_active" bool NOT NULL, "date_joined" datetime NOT NULL, "username" varchar(150) NOT NULL UNIQUE);
INSERT INTO "auth_user" VALUES(1,'pbkdf2_sha256$30000$H4DfHgCD1ICs$jWXq6TKGiP2xcB/ApVbvFeVHSJokhM1iWdGjkSvNFYQ=','2017-03-31 21:46:16.461756',0,'','','janedoe@test.com',0,1,'2017-03-19 01:51:30.235940','stestuser1');
INSERT INTO "auth_user" VALUES(2,'pbkdf2_sha256$30000$ZgjyiW3BC1H9$MwVMuYOlvikw/Lvb9p9UYJU++T8Pkihi3t4+s9hBYWE=','2017-03-31 18:38:44.982511',0,'','','janedoe@test.com',0,1,'2017-03-22 02:02:43.781980','iinstructor1');
INSERT INTO "auth_user" VALUES(3,'pbkdf2_sha256$30000$zHc2T4I6txdf$XV7AKZbi3OZ8xR2arINmUVgObEUf2u8wRnhmn4z1Fu0=','2017-03-31 18:43:49.561529',0,'','','john@doe.com',0,1,'2017-03-29 16:57:32.285701','stestuser2');
CREATE TABLE "django_session" ("session_key" varchar(40) NOT NULL PRIMARY KEY, "session_data" text NOT NULL, "expire_date" datetime NOT NULL);
INSERT INTO "django_session" VALUES('b5c9arfs7g3k3x4mo5cvpigbp3gfa6p4','ZDhjNGZjYzE4MDliOTRmMTY1NTgyMzU4NzQxNTJmOTJkMWU4OTU4ZDp7Il9hdXRoX3VzZXJfYmFja2VuZCI6ImRqYW5nby5jb250cmliLmF1dGguYmFja2VuZHMuTW9kZWxCYWNrZW5kIiwiX2F1dGhfdXNlcl9pZCI6IjMiLCJfYXV0aF91c2VyX2hhc2giOiI0ODliNGU0NjhhZjk2ZDk2ZmYxOGQ3YTg1NzI3M2U0ZDdjMWEyNjkwIn0=','2017-04-12 17:02:41.449026');
INSERT INTO "django_session" VALUES('79t8vpok5vva4jetwd2x46vx7s61y2wg','YjVmZmQ4YmU0ZjM3ZTA1MjM4MGQ4ZDhlMTI3ZWYwMTBkZDI5OWFmOTp7Il9hdXRoX3VzZXJfaWQiOiIzIiwiX2F1dGhfdXNlcl9iYWNrZW5kIjoiZGphbmdvLmNvbnRyaWIuYXV0aC5iYWNrZW5kcy5Nb2RlbEJhY2tlbmQiLCJfYXV0aF91c2VyX2hhc2giOiI0ODliNGU0NjhhZjk2ZDk2ZmYxOGQ3YTg1NzI3M2U0ZDdjMWEyNjkwIn0=','2017-04-12 22:25:36.468516');
INSERT INTO "django_session" VALUES('foqzipzpglluebnjcwc2ct2kelp7gq4o','YjVmZmQ4YmU0ZjM3ZTA1MjM4MGQ4ZDhlMTI3ZWYwMTBkZDI5OWFmOTp7Il9hdXRoX3VzZXJfaWQiOiIzIiwiX2F1dGhfdXNlcl9iYWNrZW5kIjoiZGphbmdvLmNvbnRyaWIuYXV0aC5iYWNrZW5kcy5Nb2RlbEJhY2tlbmQiLCJfYXV0aF91c2VyX2hhc2giOiI0ODliNGU0NjhhZjk2ZDk2ZmYxOGQ3YTg1NzI3M2U0ZDdjMWEyNjkwIn0=','2017-04-14 18:43:49.619093');
INSERT INTO "django_session" VALUES('gmgeamgnu0xsr48k2imgejjulzvkpyr9','M2NhNDQzYWY2ZjBlZDlkY2NjOGIyYjRiMmU1NzBkZjEzNGU4ZWYwMzp7Il9hdXRoX3VzZXJfYmFja2VuZCI6ImRqYW5nby5jb250cmliLmF1dGguYmFja2VuZHMuTW9kZWxCYWNrZW5kIiwiX2F1dGhfdXNlcl9oYXNoIjoiZjJkYmI0NzM5ODc5ZTM2MmViM2I5MDhhOWVhNTkzY2FiOTMwMjdhOSIsIl9hdXRoX3VzZXJfaWQiOiIxIn0=','2017-04-14 20:17:53.516224');
INSERT INTO "django_session" VALUES('zwhnfvtzqh7y5liyvjiirlvsi94otztr','M2NhNDQzYWY2ZjBlZDlkY2NjOGIyYjRiMmU1NzBkZjEzNGU4ZWYwMzp7Il9hdXRoX3VzZXJfYmFja2VuZCI6ImRqYW5nby5jb250cmliLmF1dGguYmFja2VuZHMuTW9kZWxCYWNrZW5kIiwiX2F1dGhfdXNlcl9oYXNoIjoiZjJkYmI0NzM5ODc5ZTM2MmViM2I5MDhhOWVhNTkzY2FiOTMwMjdhOSIsIl9hdXRoX3VzZXJfaWQiOiIxIn0=','2017-04-14 21:39:19.605552');
INSERT INTO "django_session" VALUES('8h5fs5cm1yiifbip2jka6dmh5gny8gh2','ZGU0MTJlYjY3ZTVhMmVjM2RmMjEwMzZiYjI4ZmRiYmJlY2FiZDBjZDp7Il9hdXRoX3VzZXJfaWQiOiIxIiwiX2F1dGhfdXNlcl9oYXNoIjoiZjJkYmI0NzM5ODc5ZTM2MmViM2I5MDhhOWVhNTkzY2FiOTMwMjdhOSIsIl9hdXRoX3VzZXJfYmFja2VuZCI6ImRqYW5nby5jb250cmliLmF1dGguYmFja2VuZHMuTW9kZWxCYWNrZW5kIn0=','2017-04-14 21:46:16.511137');
CREATE TABLE Class(
    faculty CHAR(4) NOT NULL,
    classNum CHAR(4) NOT NULL,
    term CHAR(7) NOT NULL,
    instructorUsername VARCHAR(32) NOT NULL,

    PRIMARY KEY(faculty, classNum, term),
    FOREIGN KEY(instructorUsername)
        REFERENCES Instructor(username)
        ON DELETE CASCADE
);
INSERT INTO "Class" VALUES('ELEC','202','2016WT2','instructor1');
INSERT INTO "Class" VALUES('CPSC','304','2016WT2','instructor1');
INSERT INTO "Class" VALUES('CHBE','349','2016WT2','instructor2');
INSERT INTO "Class" VALUES('MECH','180','2016WT2','instructor3');
INSERT INTO "Class" VALUES('PSYC','206','2016WT2','instructor4');
INSERT INTO "Class" VALUES('FNH','388','2016WT2','instructor5');
INSERT INTO "Class" VALUES('KIN','177','2016WT2','instructor6');
INSERT INTO "Class" VALUES('FOOD','354','2016WT2','instructor7');
INSERT INTO "Class" VALUES('CPEN','143','2016WT2','instructor8');
INSERT INTO "Class" VALUES('CPSC','335','2016WT2','instructor9');
INSERT INTO "Class" VALUES('ELEC','120','2016WT2','instructor10');
INSERT INTO "Class" VALUES('CHBE','160','2016WT2','instructor11');
INSERT INTO "Class" VALUES('MECH','241','2016WT2','instructor12');
INSERT INTO "Class" VALUES('PSYC','377','2016WT2','instructor13');
INSERT INTO "Class" VALUES('FNH','363','2016WT2','instructor14');
INSERT INTO "Class" VALUES('KIN','101','2016WT2','instructor15');
INSERT INTO "Class" VALUES('FOOD','312','2016WT2','instructor16');
INSERT INTO "Class" VALUES('CPEN','214','2016WT2','instructor17');
INSERT INTO "Class" VALUES('CPSC','331','2016WT2','instructor18');
INSERT INTO "Class" VALUES('ELEC','376','2016WT2','instructor19');
INSERT INTO "Class" VALUES('CHBE','294','2016WT2','instructor20');
INSERT INTO "Class" VALUES('MECH','230','2016WT2','instructor21');
INSERT INTO "Class" VALUES('PSYC','196','2016WT2','instructor22');
INSERT INTO "Class" VALUES('FNH','306','2016WT2','instructor23');
INSERT INTO "Class" VALUES('KIN','197','2016WT2','instructor24');
INSERT INTO "Class" VALUES('FOOD','184','2016WT2','instructor25');
INSERT INTO "Class" VALUES('CPEN','308','2016WT2','instructor26');
INSERT INTO "Class" VALUES('CPSC','352','2016WT2','instructor27');
INSERT INTO "Class" VALUES('ELEC','382','2016WT2','instructor28');
INSERT INTO "Class" VALUES('CHBE','103','2016WT2','instructor29');
INSERT INTO "Class" VALUES('MECH','332','2016WT2','instructor30');
INSERT INTO "Class" VALUES('PSYC','265','2016WT2','instructor31');
INSERT INTO "Class" VALUES('FNH','118','2016WT2','instructor32');
INSERT INTO "Class" VALUES('KIN','309','2016WT2','instructor33');
INSERT INTO "Class" VALUES('FOOD','364','2016WT2','instructor34');
INSERT INTO "Class" VALUES('CPEN','316','2016WT2','instructor35');
INSERT INTO "Class" VALUES('CPSC','344','2016WT2','instructor36');
INSERT INTO "Class" VALUES('ELEC','369','2016WT2','instructor37');
INSERT INTO "Class" VALUES('CHBE','177','2016WT2','instructor38');
INSERT INTO "Class" VALUES('MECH','203','2016WT2','instructor39');
INSERT INTO "Class" VALUES('PSYC','303','2016WT2','instructor40');
INSERT INTO "Class" VALUES('FNH','205','2016WT2','instructor41');
INSERT INTO "Class" VALUES('KIN','116','2016WT2','instructor42');
INSERT INTO "Class" VALUES('FOOD','169','2016WT2','instructor43');
INSERT INTO "Class" VALUES('CPEN','393','2016WT2','instructor44');
INSERT INTO "Class" VALUES('CPSC','281','2016WT2','instructor45');
INSERT INTO "Class" VALUES('ELEC','123','2016WT2','instructor46');
INSERT INTO "Class" VALUES('CHBE','250','2016WT2','instructor47');
INSERT INTO "Class" VALUES('MECH','392','2016WT2','instructor48');
INSERT INTO "Class" VALUES('PSYC','125','2016WT2','instructor49');
CREATE TABLE ClassRequiresEquipment(
    faculty CHAR(4) NOT NULL,
    classNum CHAR(4) NOT NULL,
    term CHAR(7) NOT NULL,
    equipmentID INT NOT NULL,

    PRIMARY KEY (faculty, classNum, term, equipmentID),
    FOREIGN KEY(faculty, classNum, term)
        REFERENCES Class (faculty, classNum, term)
        ON DELETE CASCADE,
    FOREIGN KEY(equipmentID)
        REFERENCES Equipment(equipmentID)
);
INSERT INTO "ClassRequiresEquipment" VALUES('CHBE','349','2016WT2',2);
INSERT INTO "ClassRequiresEquipment" VALUES('MECH','180','2016WT2',16);
INSERT INTO "ClassRequiresEquipment" VALUES('PSYC','206','2016WT2',11);
INSERT INTO "ClassRequiresEquipment" VALUES('FNH','388','2016WT2',10);
INSERT INTO "ClassRequiresEquipment" VALUES('KIN','177','2016WT2',2);
INSERT INTO "ClassRequiresEquipment" VALUES('FOOD','354','2016WT2',13);
INSERT INTO "ClassRequiresEquipment" VALUES('CPEN','143','2016WT2',17);
INSERT INTO "ClassRequiresEquipment" VALUES('CPSC','335','2016WT2',7);
INSERT INTO "ClassRequiresEquipment" VALUES('ELEC','120','2016WT2',12);
INSERT INTO "ClassRequiresEquipment" VALUES('CHBE','160','2016WT2',17);
INSERT INTO "ClassRequiresEquipment" VALUES('MECH','241','2016WT2',11);
INSERT INTO "ClassRequiresEquipment" VALUES('PSYC','377','2016WT2',5);
INSERT INTO "ClassRequiresEquipment" VALUES('FNH','363','2016WT2',3);
INSERT INTO "ClassRequiresEquipment" VALUES('KIN','101','2016WT2',9);
INSERT INTO "ClassRequiresEquipment" VALUES('FOOD','312','2016WT2',5);
INSERT INTO "ClassRequiresEquipment" VALUES('CPEN','214','2016WT2',2);
INSERT INTO "ClassRequiresEquipment" VALUES('CPSC','331','2016WT2',12);
INSERT INTO "ClassRequiresEquipment" VALUES('ELEC','376','2016WT2',16);
INSERT INTO "ClassRequiresEquipment" VALUES('CHBE','294','2016WT2',6);
INSERT INTO "ClassRequiresEquipment" VALUES('MECH','230','2016WT2',8);
INSERT INTO "ClassRequiresEquipment" VALUES('PSYC','196','2016WT2',16);
INSERT INTO "ClassRequiresEquipment" VALUES('FNH','306','2016WT2',7);
INSERT INTO "ClassRequiresEquipment" VALUES('KIN','197','2016WT2',16);
INSERT INTO "ClassRequiresEquipment" VALUES('FOOD','184','2016WT2',20);
INSERT INTO "ClassRequiresEquipment" VALUES('CPEN','308','2016WT2',2);
INSERT INTO "ClassRequiresEquipment" VALUES('CPSC','352','2016WT2',4);
INSERT INTO "ClassRequiresEquipment" VALUES('ELEC','382','2016WT2',19);
INSERT INTO "ClassRequiresEquipment" VALUES('CHBE','103','2016WT2',16);
INSERT INTO "ClassRequiresEquipment" VALUES('MECH','332','2016WT2',10);
INSERT INTO "ClassRequiresEquipment" VALUES('PSYC','265','2016WT2',11);
INSERT INTO "ClassRequiresEquipment" VALUES('FNH','118','2016WT2',4);
INSERT INTO "ClassRequiresEquipment" VALUES('KIN','309','2016WT2',10);
INSERT INTO "ClassRequiresEquipment" VALUES('FOOD','364','2016WT2',16);
INSERT INTO "ClassRequiresEquipment" VALUES('CPEN','316','2016WT2',6);
INSERT INTO "ClassRequiresEquipment" VALUES('CPSC','344','2016WT2',8);
INSERT INTO "ClassRequiresEquipment" VALUES('ELEC','369','2016WT2',2);
INSERT INTO "ClassRequiresEquipment" VALUES('CHBE','177','2016WT2',18);
INSERT INTO "ClassRequiresEquipment" VALUES('MECH','203','2016WT2',9);
INSERT INTO "ClassRequiresEquipment" VALUES('PSYC','303','2016WT2',2);
INSERT INTO "ClassRequiresEquipment" VALUES('FNH','205','2016WT2',13);
INSERT INTO "ClassRequiresEquipment" VALUES('KIN','116','2016WT2',1);
INSERT INTO "ClassRequiresEquipment" VALUES('FOOD','169','2016WT2',1);
INSERT INTO "ClassRequiresEquipment" VALUES('CPEN','393','2016WT2',1);
INSERT INTO "ClassRequiresEquipment" VALUES('CPSC','281','2016WT2',17);
INSERT INTO "ClassRequiresEquipment" VALUES('ELEC','123','2016WT2',18);
INSERT INTO "ClassRequiresEquipment" VALUES('CHBE','250','2016WT2',4);
INSERT INTO "ClassRequiresEquipment" VALUES('MECH','392','2016WT2',13);
INSERT INTO "ClassRequiresEquipment" VALUES('PSYC','125','2016WT2',8);
CREATE TABLE StudentTakesClass(
    username VARCHAR(32) NOT NULL,
    faculty CHAR(4) NOT NULL,
    classNum CHAR(4) NOT NULL,
    term CHAR(7) NOT NULL,

    PRIMARY KEY (username,faculty, classNum, term),
    FOREIGN KEY(faculty, classNum, term)
        REFERENCES Class(faculty, classNum, term)
        ON DELETE CASCADE,
    FOREIGN KEY(username)
        REFERENCES Student(username)
        ON DELETE CASCADE
);
INSERT INTO "StudentTakesClass" VALUES('testuser2','CHBE','349','2016WT2');
INSERT INTO "StudentTakesClass" VALUES('testuser0','CHBE','349','2016WT2');
INSERT INTO "StudentTakesClass" VALUES('testuser3','MECH','180','2016WT2');
INSERT INTO "StudentTakesClass" VALUES('testuser0','MECH','180','2016WT2');
INSERT INTO "StudentTakesClass" VALUES('testuser4','PSYC','206','2016WT2');
INSERT INTO "StudentTakesClass" VALUES('testuser0','PSYC','206','2016WT2');
INSERT INTO "StudentTakesClass" VALUES('testuser5','FNH','388','2016WT2');
INSERT INTO "StudentTakesClass" VALUES('testuser0','FNH','388','2016WT2');
INSERT INTO "StudentTakesClass" VALUES('testuser6','KIN','177','2016WT2');
INSERT INTO "StudentTakesClass" VALUES('testuser0','KIN','177','2016WT2');
INSERT INTO "StudentTakesClass" VALUES('testuser7','FOOD','354','2016WT2');
INSERT INTO "StudentTakesClass" VALUES('testuser0','FOOD','354','2016WT2');
INSERT INTO "StudentTakesClass" VALUES('testuser8','CPEN','143','2016WT2');
INSERT INTO "StudentTakesClass" VALUES('testuser0','CPEN','143','2016WT2');
INSERT INTO "StudentTakesClass" VALUES('testuser9','CPSC','335','2016WT2');
INSERT INTO "StudentTakesClass" VALUES('testuser0','CPSC','335','2016WT2');
INSERT INTO "StudentTakesClass" VALUES('testuser10','ELEC','120','2016WT2');
INSERT INTO "StudentTakesClass" VALUES('testuser0','ELEC','120','2016WT2');
INSERT INTO "StudentTakesClass" VALUES('testuser11','CHBE','160','2016WT2');
INSERT INTO "StudentTakesClass" VALUES('testuser0','CHBE','160','2016WT2');
INSERT INTO "StudentTakesClass" VALUES('testuser12','MECH','241','2016WT2');
INSERT INTO "StudentTakesClass" VALUES('testuser0','MECH','241','2016WT2');
INSERT INTO "StudentTakesClass" VALUES('testuser13','PSYC','377','2016WT2');
INSERT INTO "StudentTakesClass" VALUES('testuser0','PSYC','377','2016WT2');
INSERT INTO "StudentTakesClass" VALUES('testuser14','FNH','363','2016WT2');
INSERT INTO "StudentTakesClass" VALUES('testuser0','FNH','363','2016WT2');
INSERT INTO "StudentTakesClass" VALUES('testuser15','KIN','101','2016WT2');
INSERT INTO "StudentTakesClass" VALUES('testuser0','KIN','101','2016WT2');
INSERT INTO "StudentTakesClass" VALUES('testuser16','FOOD','312','2016WT2');
INSERT INTO "StudentTakesClass" VALUES('testuser0','FOOD','312','2016WT2');
INSERT INTO "StudentTakesClass" VALUES('testuser17','CPEN','214','2016WT2');
INSERT INTO "StudentTakesClass" VALUES('testuser0','CPEN','214','2016WT2');
INSERT INTO "StudentTakesClass" VALUES('testuser18','CPSC','331','2016WT2');
INSERT INTO "StudentTakesClass" VALUES('testuser0','CPSC','331','2016WT2');
INSERT INTO "StudentTakesClass" VALUES('testuser19','ELEC','376','2016WT2');
INSERT INTO "StudentTakesClass" VALUES('testuser0','ELEC','376','2016WT2');
INSERT INTO "StudentTakesClass" VALUES('testuser20','CHBE','294','2016WT2');
INSERT INTO "StudentTakesClass" VALUES('testuser0','CHBE','294','2016WT2');
INSERT INTO "StudentTakesClass" VALUES('testuser21','MECH','230','2016WT2');
INSERT INTO "StudentTakesClass" VALUES('testuser0','MECH','230','2016WT2');
INSERT INTO "StudentTakesClass" VALUES('testuser22','PSYC','196','2016WT2');
INSERT INTO "StudentTakesClass" VALUES('testuser0','PSYC','196','2016WT2');
INSERT INTO "StudentTakesClass" VALUES('testuser23','FNH','306','2016WT2');
INSERT INTO "StudentTakesClass" VALUES('testuser0','FNH','306','2016WT2');
INSERT INTO "StudentTakesClass" VALUES('testuser24','KIN','197','2016WT2');
INSERT INTO "StudentTakesClass" VALUES('testuser0','KIN','197','2016WT2');
INSERT INTO "StudentTakesClass" VALUES('testuser25','FOOD','184','2016WT2');
INSERT INTO "StudentTakesClass" VALUES('testuser0','FOOD','184','2016WT2');
INSERT INTO "StudentTakesClass" VALUES('testuser26','CPEN','308','2016WT2');
INSERT INTO "StudentTakesClass" VALUES('testuser0','CPEN','308','2016WT2');
INSERT INTO "StudentTakesClass" VALUES('testuser27','CPSC','352','2016WT2');
INSERT INTO "StudentTakesClass" VALUES('testuser0','CPSC','352','2016WT2');
INSERT INTO "StudentTakesClass" VALUES('testuser28','ELEC','382','2016WT2');
INSERT INTO "StudentTakesClass" VALUES('testuser0','ELEC','382','2016WT2');
INSERT INTO "StudentTakesClass" VALUES('testuser29','CHBE','103','2016WT2');
INSERT INTO "StudentTakesClass" VALUES('testuser0','CHBE','103','2016WT2');
INSERT INTO "StudentTakesClass" VALUES('testuser30','MECH','332','2016WT2');
INSERT INTO "StudentTakesClass" VALUES('testuser0','MECH','332','2016WT2');
INSERT INTO "StudentTakesClass" VALUES('testuser31','PSYC','265','2016WT2');
INSERT INTO "StudentTakesClass" VALUES('testuser0','PSYC','265','2016WT2');
INSERT INTO "StudentTakesClass" VALUES('testuser32','FNH','118','2016WT2');
INSERT INTO "StudentTakesClass" VALUES('testuser0','FNH','118','2016WT2');
INSERT INTO "StudentTakesClass" VALUES('testuser33','KIN','309','2016WT2');
INSERT INTO "StudentTakesClass" VALUES('testuser0','KIN','309','2016WT2');
INSERT INTO "StudentTakesClass" VALUES('testuser34','FOOD','364','2016WT2');
INSERT INTO "StudentTakesClass" VALUES('testuser0','FOOD','364','2016WT2');
INSERT INTO "StudentTakesClass" VALUES('testuser35','CPEN','316','2016WT2');
INSERT INTO "StudentTakesClass" VALUES('testuser0','CPEN','316','2016WT2');
INSERT INTO "StudentTakesClass" VALUES('testuser36','CPSC','344','2016WT2');
INSERT INTO "StudentTakesClass" VALUES('testuser0','CPSC','344','2016WT2');
INSERT INTO "StudentTakesClass" VALUES('testuser37','ELEC','369','2016WT2');
INSERT INTO "StudentTakesClass" VALUES('testuser0','ELEC','369','2016WT2');
INSERT INTO "StudentTakesClass" VALUES('testuser38','CHBE','177','2016WT2');
INSERT INTO "StudentTakesClass" VALUES('testuser0','CHBE','177','2016WT2');
INSERT INTO "StudentTakesClass" VALUES('testuser39','MECH','203','2016WT2');
INSERT INTO "StudentTakesClass" VALUES('testuser0','MECH','203','2016WT2');
INSERT INTO "StudentTakesClass" VALUES('testuser40','PSYC','303','2016WT2');
INSERT INTO "StudentTakesClass" VALUES('testuser0','PSYC','303','2016WT2');
INSERT INTO "StudentTakesClass" VALUES('testuser41','FNH','205','2016WT2');
INSERT INTO "StudentTakesClass" VALUES('testuser0','FNH','205','2016WT2');
INSERT INTO "StudentTakesClass" VALUES('testuser42','KIN','116','2016WT2');
INSERT INTO "StudentTakesClass" VALUES('testuser0','KIN','116','2016WT2');
INSERT INTO "StudentTakesClass" VALUES('testuser43','FOOD','169','2016WT2');
INSERT INTO "StudentTakesClass" VALUES('testuser0','FOOD','169','2016WT2');
INSERT INTO "StudentTakesClass" VALUES('testuser44','CPEN','393','2016WT2');
INSERT INTO "StudentTakesClass" VALUES('testuser0','CPEN','393','2016WT2');
INSERT INTO "StudentTakesClass" VALUES('testuser45','CPSC','281','2016WT2');
INSERT INTO "StudentTakesClass" VALUES('testuser0','CPSC','281','2016WT2');
INSERT INTO "StudentTakesClass" VALUES('testuser46','ELEC','123','2016WT2');
INSERT INTO "StudentTakesClass" VALUES('testuser0','ELEC','123','2016WT2');
INSERT INTO "StudentTakesClass" VALUES('testuser47','CHBE','250','2016WT2');
INSERT INTO "StudentTakesClass" VALUES('testuser0','CHBE','250','2016WT2');
INSERT INTO "StudentTakesClass" VALUES('testuser48','MECH','392','2016WT2');
INSERT INTO "StudentTakesClass" VALUES('testuser0','MECH','392','2016WT2');
INSERT INTO "StudentTakesClass" VALUES('testuser49','PSYC','125','2016WT2');
INSERT INTO "StudentTakesClass" VALUES('testuser0','PSYC','125','2016WT2');
INSERT INTO "StudentTakesClass" VALUES('testuser1','CPEN','308','2016WT2');
INSERT INTO "StudentTakesClass" VALUES('testuser1','ELEC','120','2016WT2');
INSERT INTO "StudentTakesClass" VALUES('testuser1','MECH','203','2016WT2');
CREATE TABLE PendingTrade(
    tradeID INTEGER PRIMARY KEY AUTOINCREMENT,
    requestUsername VARCHAR(32) NOT NULL,
    responseUsername VARCHAR(32) NOT NULL,
    requestEquipID INT NOT NULL,
    responseEquipID INT NOT NULL,
    requestConfirm INT NOT NULL,
    responseConfirm INT NOT NULL,
    dateRequested DATETIME NOT NULL,

    FOREIGN KEY(requestUsername, requestEquipID)
        REFERENCES StudentHasEquipment(username, equipmentID),
    FOREIGN KEY(responseUsername, responseEquipID)
        REFERENCES StudentHasEquipment(username, equipmentID)
);
CREATE TABLE ConfirmedTrade(
    tradeID INTEGER PRIMARY KEY AUTOINCREMENT,
    requestUsername VARCHAR(32) NOT NULL,
    responseUsername VARCHAR(32) NOT NULL,
    requestEquipID INT NOT NULL,
    responseEquipID INT NOT NULL,
    dateConfirmed DATETIME NOT NULL,

    FOREIGN KEY(requestUsername)
        REFERENCES Student(username),
    FOREIGN KEY(requestEquipID)
        REFERENCES Equipment(equipmentID),
    FOREIGN KEY(responseUsername)
        REFERENCES Student(username),
    FOREIGN KEY(responseEquipID)
        REFERENCES Equipment(equipmentID)
);
INSERT INTO "ConfirmedTrade" VALUES(2,'testuser1','testuser2',4,7,'2017-03-30 19:30:28');
INSERT INTO "ConfirmedTrade" VALUES(3,'testuser1','testuser2',6,7,'2017-03-30 19:32:08');
INSERT INTO "ConfirmedTrade" VALUES(4,'testuser1','testuser2',4,7,'2017-03-30 19:33:22');
INSERT INTO "ConfirmedTrade" VALUES(5,'testuser1','testuser2',7,4,'2017-03-30 19:34:01');
INSERT INTO "ConfirmedTrade" VALUES(6,'testuser2','testuser1',7,4,'2017-03-30 19:36:38');
CREATE TABLE StudentHasEquipment(
    username VARCHAR(32) NOT NULL,
    equipmentID INT NOT NULL,
    quantity INT NOT NULL,
    tradeable INT NOT NULL,

    PRIMARY KEY (username, equipmentID),
    FOREIGN KEY(username)
        REFERENCES Student(username)
        ON DELETE CASCADE,
    FOREIGN KEY(equipmentID)
        REFERENCES Equipment(equipmentID)
);
INSERT INTO "StudentHasEquipment" VALUES('testuser1',7,2,0);
INSERT INTO "StudentHasEquipment" VALUES('testuser1',6,1,0);
INSERT INTO "StudentHasEquipment" VALUES('testuser1',5,1,1);
INSERT INTO "StudentHasEquipment" VALUES('testuser1',4,1,1);
INSERT INTO "StudentHasEquipment" VALUES('testuser2',4,1,0);
INSERT INTO "StudentHasEquipment" VALUES('testuser19',1,9,1);
INSERT INTO "StudentHasEquipment" VALUES('testuser37',1,9,1);
INSERT INTO "StudentHasEquipment" VALUES('testuser29',20,8,1);
INSERT INTO "StudentHasEquipment" VALUES('testuser17',17,7,1);
INSERT INTO "StudentHasEquipment" VALUES('testuser47',4,3,1);
INSERT INTO "StudentHasEquipment" VALUES('testuser11',13,9,1);
INSERT INTO "StudentHasEquipment" VALUES('testuser33',19,3,1);
INSERT INTO "StudentHasEquipment" VALUES('testuser2',7,6,1);
INSERT INTO "StudentHasEquipment" VALUES('testuser17',18,2,1);
INSERT INTO "StudentHasEquipment" VALUES('testuser37',15,2,1);
INSERT INTO "StudentHasEquipment" VALUES('testuser4',6,9,1);
INSERT INTO "StudentHasEquipment" VALUES('testuser6',18,10,1);
INSERT INTO "StudentHasEquipment" VALUES('testuser5',2,9,1);
INSERT INTO "StudentHasEquipment" VALUES('testuser12',10,2,1);
INSERT INTO "StudentHasEquipment" VALUES('testuser22',9,4,1);
INSERT INTO "StudentHasEquipment" VALUES('testuser1',16,1,1);
INSERT INTO "StudentHasEquipment" VALUES('testuser14',11,4,1);
INSERT INTO "StudentHasEquipment" VALUES('testuser44',5,4,1);
INSERT INTO "StudentHasEquipment" VALUES('testuser33',1,4,1);
INSERT INTO "StudentHasEquipment" VALUES('testuser27',18,2,1);
INSERT INTO "StudentHasEquipment" VALUES('testuser6',6,4,1);
INSERT INTO "StudentHasEquipment" VALUES('testuser10',12,10,1);
INSERT INTO "StudentHasEquipment" VALUES('testuser16',8,8,1);
INSERT INTO "StudentHasEquipment" VALUES('testuser32',20,9,1);
INSERT INTO "StudentHasEquipment" VALUES('testuser25',10,8,1);
INSERT INTO "StudentHasEquipment" VALUES('testuser45',12,9,1);
INSERT INTO "StudentHasEquipment" VALUES('testuser29',1,10,1);
INSERT INTO "StudentHasEquipment" VALUES('testuser47',14,8,1);
INSERT INTO "StudentHasEquipment" VALUES('testuser9',2,10,1);
INSERT INTO "StudentHasEquipment" VALUES('testuser3',2,10,1);
INSERT INTO "StudentHasEquipment" VALUES('testuser42',9,2,1);
INSERT INTO "StudentHasEquipment" VALUES('testuser3',5,8,1);
INSERT INTO "StudentHasEquipment" VALUES('testuser11',3,9,1);
INSERT INTO "StudentHasEquipment" VALUES('testuser35',3,8,1);
INSERT INTO "StudentHasEquipment" VALUES('testuser0',10,6,1);
INSERT INTO "StudentHasEquipment" VALUES('testuser26',10,2,1);
INSERT INTO "StudentHasEquipment" VALUES('testuser47',19,9,1);
INSERT INTO "StudentHasEquipment" VALUES('testuser14',18,5,1);
INSERT INTO "StudentHasEquipment" VALUES('testuser13',18,5,1);
INSERT INTO "StudentHasEquipment" VALUES('testuser35',14,6,1);
INSERT INTO "StudentHasEquipment" VALUES('testuser2',15,6,1);
INSERT INTO "StudentHasEquipment" VALUES('testuser6',7,7,1);
INSERT INTO "StudentHasEquipment" VALUES('testuser31',17,6,1);
INSERT INTO "StudentHasEquipment" VALUES('testuser10',19,10,1);
INSERT INTO "StudentHasEquipment" VALUES('testuser13',12,8,1);
INSERT INTO "StudentHasEquipment" VALUES('testuser46',5,3,1);
INSERT INTO "StudentHasEquipment" VALUES('testuser4',8,6,1);
INSERT INTO "StudentHasEquipment" VALUES('testuser17',1,10,1);
INSERT INTO "StudentHasEquipment" VALUES('testuser22',2,3,1);
INSERT INTO "StudentHasEquipment" VALUES('testuser10',16,6,1);
INSERT INTO "StudentHasEquipment" VALUES('testuser13',17,1,1);
INSERT INTO "StudentHasEquipment" VALUES('testuser47',5,7,1);
INSERT INTO "StudentHasEquipment" VALUES('testuser39',18,7,1);
INSERT INTO "StudentHasEquipment" VALUES('testuser41',14,7,1);
INSERT INTO "StudentHasEquipment" VALUES('testuser34',19,8,1);
INSERT INTO "StudentHasEquipment" VALUES('testuser3',3,5,1);
INSERT INTO "StudentHasEquipment" VALUES('testuser27',11,10,1);
INSERT INTO "StudentHasEquipment" VALUES('testuser2',3,4,1);
INSERT INTO "StudentHasEquipment" VALUES('testuser2',1,8,1);
INSERT INTO "StudentHasEquipment" VALUES('testuser2',13,10,1);
INSERT INTO "StudentHasEquipment" VALUES('testuser3',9,5,1);
INSERT INTO "StudentHasEquipment" VALUES('testuser3',19,8,1);
INSERT INTO "StudentHasEquipment" VALUES('testuser3',7,10,1);
INSERT INTO "StudentHasEquipment" VALUES('testuser4',13,1,1);
INSERT INTO "StudentHasEquipment" VALUES('testuser4',19,7,1);
INSERT INTO "StudentHasEquipment" VALUES('testuser4',4,7,1);
INSERT INTO "StudentHasEquipment" VALUES('testuser2',8,5,1);
INSERT INTO "StudentHasEquipment" VALUES('testuser2',10,6,1);
INSERT INTO "StudentHasEquipment" VALUES('testuser2',2,5,1);
INSERT INTO "StudentHasEquipment" VALUES('testuser3',10,10,1);
INSERT INTO "StudentHasEquipment" VALUES('testuser3',16,3,1);
INSERT INTO "StudentHasEquipment" VALUES('testuser4',5,9,1);
INSERT INTO "StudentHasEquipment" VALUES('testuser4',15,10,1);
INSERT INTO "StudentHasEquipment" VALUES('testuser5',1,7,1);
INSERT INTO "StudentHasEquipment" VALUES('testuser5',3,7,1);
INSERT INTO "StudentHasEquipment" VALUES('testuser6',12,2,1);
INSERT INTO "StudentHasEquipment" VALUES('testuser6',10,5,1);
INSERT INTO "StudentHasEquipment" VALUES('testuser7',2,6,1);
INSERT INTO "StudentHasEquipment" VALUES('testuser7',20,8,1);
INSERT INTO "StudentHasEquipment" VALUES('testuser8',7,9,1);
INSERT INTO "StudentHasEquipment" VALUES('testuser8',3,10,1);
INSERT INTO "StudentHasEquipment" VALUES('testuser9',3,10,1);
INSERT INTO "StudentHasEquipment" VALUES('testuser9',14,6,1);
INSERT INTO "StudentHasEquipment" VALUES('testuser10',13,8,1);
INSERT INTO "StudentHasEquipment" VALUES('testuser10',14,6,1);
INSERT INTO "StudentHasEquipment" VALUES('testuser11',19,4,1);
INSERT INTO "StudentHasEquipment" VALUES('testuser11',11,2,1);
INSERT INTO "StudentHasEquipment" VALUES('testuser12',13,3,1);
INSERT INTO "StudentHasEquipment" VALUES('testuser12',1,1,1);
INSERT INTO "StudentHasEquipment" VALUES('testuser13',8,3,1);
INSERT INTO "StudentHasEquipment" VALUES('testuser13',13,8,1);
INSERT INTO "StudentHasEquipment" VALUES('testuser14',2,9,1);
INSERT INTO "StudentHasEquipment" VALUES('testuser14',19,4,1);
INSERT INTO "StudentHasEquipment" VALUES('testuser15',13,6,1);
INSERT INTO "StudentHasEquipment" VALUES('testuser15',10,7,1);
INSERT INTO "StudentHasEquipment" VALUES('testuser16',5,9,1);
INSERT INTO "StudentHasEquipment" VALUES('testuser16',15,3,1);
INSERT INTO "StudentHasEquipment" VALUES('testuser17',2,2,1);
INSERT INTO "StudentHasEquipment" VALUES('testuser17',15,10,1);
INSERT INTO "StudentHasEquipment" VALUES('testuser18',15,8,1);
INSERT INTO "StudentHasEquipment" VALUES('testuser18',8,5,1);
INSERT INTO "StudentHasEquipment" VALUES('testuser19',5,9,1);
INSERT INTO "StudentHasEquipment" VALUES('testuser19',12,8,1);
INSERT INTO "StudentHasEquipment" VALUES('testuser20',13,5,1);
INSERT INTO "StudentHasEquipment" VALUES('testuser20',3,6,1);
INSERT INTO "StudentHasEquipment" VALUES('testuser21',10,5,1);
INSERT INTO "StudentHasEquipment" VALUES('testuser21',7,9,1);
INSERT INTO "StudentHasEquipment" VALUES('testuser48',20,5,1);
INSERT INTO "StudentHasEquipment" VALUES('testuser48',10,3,1);
INSERT INTO "StudentHasEquipment" VALUES('testuser49',19,9,1);
INSERT INTO "StudentHasEquipment" VALUES('testuser49',12,8,1);
INSERT INTO "StudentHasEquipment" VALUES('testuser1',19,1,0);
DELETE FROM sqlite_sequence;
INSERT INTO "sqlite_sequence" VALUES('django_migrations',13);
INSERT INTO "sqlite_sequence" VALUES('django_admin_log',0);
INSERT INTO "sqlite_sequence" VALUES('django_content_type',15);
INSERT INTO "sqlite_sequence" VALUES('auth_permission',45);
INSERT INTO "sqlite_sequence" VALUES('auth_user',3);
INSERT INTO "sqlite_sequence" VALUES('PendingTrade',6);
INSERT INTO "sqlite_sequence" VALUES('ConfirmedTrade',6);
CREATE UNIQUE INDEX "auth_group_permissions_group_id_0cd325b0_uniq" ON "auth_group_permissions" ("group_id", "permission_id");
CREATE INDEX "auth_group_permissions_0e939a4f" ON "auth_group_permissions" ("group_id");
CREATE INDEX "auth_group_permissions_8373b171" ON "auth_group_permissions" ("permission_id");
CREATE UNIQUE INDEX "auth_user_groups_user_id_94350c0c_uniq" ON "auth_user_groups" ("user_id", "group_id");
CREATE INDEX "auth_user_groups_e8701ad4" ON "auth_user_groups" ("user_id");
CREATE INDEX "auth_user_groups_0e939a4f" ON "auth_user_groups" ("group_id");
CREATE UNIQUE INDEX "auth_user_user_permissions_user_id_14a6b632_uniq" ON "auth_user_user_permissions" ("user_id", "permission_id");
CREATE INDEX "auth_user_user_permissions_e8701ad4" ON "auth_user_user_permissions" ("user_id");
CREATE INDEX "auth_user_user_permissions_8373b171" ON "auth_user_user_permissions" ("permission_id");
CREATE INDEX "django_admin_log_417f1b1c" ON "django_admin_log" ("content_type_id");
CREATE INDEX "django_admin_log_e8701ad4" ON "django_admin_log" ("user_id");
CREATE UNIQUE INDEX "django_content_type_app_label_76bd3d3b_uniq" ON "django_content_type" ("app_label", "model");
CREATE UNIQUE INDEX "auth_permission_content_type_id_01ab375a_uniq" ON "auth_permission" ("content_type_id", "codename");
CREATE INDEX "auth_permission_417f1b1c" ON "auth_permission" ("content_type_id");
CREATE INDEX "django_session_de54fa62" ON "django_session" ("expire_date");
COMMIT;
